team_name,team_id,season_id,match_count,regular_season_end_position,regular_season_end_points,regular_season_end_points_per_match,regular_season_end_goal_difference,regular_season_end_goals_scored,regular_season_end_goals_scored_rank,regular_season_end_goals_scored_per_match,regular_season_end_goals_conceded,regular_season_end_goals_conceded_rank,regular_season_end_goals_conceded_per_match,regular_season_longest_consecutive_win_count,regular_season_win_percentage,first_playoff_round_match_location_is_home,playoff_run_home_percentage,playoff_result,is_playoff_champion
Louisville City,1f8a0d289d2c4e85f0ee8426fbb1d735,73_2023,34,10,50.0,1.4705882352941178,-3.0,41.0,20,1.2058823529411764,44.0,12,1.2941176470588236,2.0,0.4117647058823529,0,0.3333333333333333,Lost in Conference Finals,0
New Mexico Utd,23a233421de623afcb9f29161cfb0e2f,73_2023,34,14,46.0,1.3529411764705883,2.0,51.0,7,1.5,49.0,16,1.4411764705882353,3.0,0.38235294117647056,0,0.0,Lost in Conference Quarterfinals,0
FC Cincinnati,8dd848e61115f81a3cdf8f8735f2ed56,73_2017,32,13,46.0,1.4375,-2.0,46.0,14,1.4375,48.0,21,1.5,3.0,0.375,0,0.0,Lost in Conference Quarterfinals,0
Charleston,c44e2422c1d59759fc1baae13aa14649,73_2019,34,19,46.0,1.3529411764705883,0.0,44.0,29,1.2941176470588236,44.0,14,1.2941176470588236,2.0,0.3235294117647059,0,0.0,Lost in Conference Quarterfinals,0
Fresno,d0c5cbd40b7edef0050c725ee42c999b,73_2019,34,9,57.0,1.6764705882352942,14.0,58.0,14,1.7058823529411764,44.0,13,1.2941176470588236,5.0,0.47058823529411764,1,1.0,Lost in Conference Quarterfinals,0
CS Switchbacks,b162c1c5e1c117317961e119300241d5,73_2021,32,12,49.0,1.53125,10.0,60.0,3,1.875,50.0,23,1.5625,3.0,0.40625,0,0.0,Lost in Conference Quarterfinals,0
Phx Rising,bc2306d840e3c6b65bde80a4061c9d7a,73_2024,34,19,42.0,1.2352941176470589,-6.0,33.0,21,0.9705882352941176,39.0,6,1.1470588235294117,2.0,0.3235294117647059,0,0.0,Lost in Conference Quarterfinals,0
Louisville City,1f8a0d289d2c4e85f0ee8426fbb1d735,73_2019,34,6,60.0,1.7647058823529411,17.0,58.0,13,1.7058823529411764,41.0,8,1.2058823529411764,4.0,0.5,1,0.5,Lost in Final,0
New Mexico Utd,23a233421de623afcb9f29161cfb0e2f,73_2019,34,18,46.0,1.3529411764705883,2.0,59.0,10,1.7352941176470589,57.0,24,1.6764705882352942,2.0,0.3235294117647059,0,0.0,Lost in Play-in round,0
Pittsburgh,83cc8f7934cbdd06e1e93ac4dae2241a,73_2024,34,12,48.0,1.411764705882353,13.0,41.0,15,1.2058823529411764,28.0,1,0.8235294117647058,4.0,0.35294117647058826,0,0.0,Lost in Conference Quarterfinals,0
Charleston,c44e2422c1d59759fc1baae13aa14649,73_2023,34,4,59.0,1.7352941176470589,4.0,47.0,10,1.3823529411764706,43.0,11,1.2647058823529411,4.0,0.5,1,1.0,Lost in Final,0
Memphis 901,37c9a094c5c9905b96bb91965eaae57c,73_2024,34,7,51.0,1.5,11.0,52.0,6,1.5294117647058822,41.0,9,1.2058823529411764,2.0,0.4117647058823529,1,1.0,Lost in Conference Quarterfinals,0
North Carolina,130c7ca8daccb66ef614ec3331a0f665,73_2019,34,10,56.0,1.6470588235294117,20.0,57.0,15,1.6764705882352942,37.0,7,1.088235294117647,3.0,0.47058823529411764,1,1.0,Lost in Play-in round,0
Roots,3d37061458413a43ea1d9a3b7dd934e7,73_2021,32,19,41.0,1.28125,-7.0,36.0,25,1.125,43.0,18,1.34375,3.0,0.34375,0,0.0,Lost in Conference Semifinals,0
Sac Republic,44f72498b5d3deb89f8011d2f3814e49,73_2023,34,2,64.0,1.8823529411764706,25.0,51.0,6,1.5,26.0,1,0.7647058823529411,3.0,0.5294117647058824,1,1.0,Lost in Conference Finals,0
Monarchs,9165468cbfe61ada7f467ed9ab5b217f,73_2019,34,11,56.0,1.6470588235294117,18.0,71.0,4,2.088235294117647,53.0,20,1.5588235294117647,5.0,0.47058823529411764,1,0.5,Playoff Champions,1
Miami FC,a72631d8416da804d916facef62ea6df,73_2022,34,8,55.0,1.6176470588235294,15.0,47.0,18,1.3823529411764706,32.0,4,0.9411764705882353,3.0,0.4411764705882353,0,0.0,Lost in Conference Quarterfinals,0
Galaxy II,d2670145ba89d52a20ec3496bae9bfa6,73_2020,16,13,26.0,1.625,-3.0,29.0,9,1.8125,32.0,28,2.0,2.0,0.5,0,0.0,Lost in Conference Quarterfinals,0
Indy Eleven,f8adf1226c6b79830a8d75f0060f13dc,73_2019,34,4,63.0,1.8529411764705883,19.0,48.0,23,1.411764705882353,29.0,2,0.8529411764705882,5.0,0.5588235294117647,1,0.6666666666666666,Lost in Conference Finals,0
El Paso,1b75f7197aac9bde82a11e7020169923,73_2023,34,13,47.0,1.3823529411764706,-10.0,41.0,19,1.2058823529411764,51.0,17,1.5,7.0,0.38235294117647056,0,0.0,Lost in Conference Quarterfinals,0
Memphis 901,37c9a094c5c9905b96bb91965eaae57c,73_2021,32,11,50.0,1.5625,5.0,47.0,17,1.46875,42.0,15,1.3125,2.0,0.4375,0,0.0,Lost in Conference Quarterfinals,0
B'ham Legion,453434746d466ea6ae43f4c3506ca054,73_2021,32,5,60.0,1.875,20.0,51.0,11,1.59375,31.0,2,0.96875,5.0,0.5625,1,0.5,Lost in Conference Semifinals,0
San Antonio FC,670171fc61c6bdb5039f064570c30d42,73_2020,16,6,33.0,2.0625,16.0,30.0,7,1.875,14.0,4,0.875,4.0,0.625,1,1.0,Lost in Conference Quarterfinals,0
FC Cincinnati,8dd848e61115f81a3cdf8f8735f2ed56,73_2018,34,1,77.0,2.264705882352941,38.0,72.0,1,2.1176470588235294,34.0,4,1.0,10.0,0.6764705882352942,1,1.0,Lost in Conference Semifinals,0
Charlotte Ind'ence,cea72440b8fa51e76e53ed70311cccd4,73_2017,32,11,48.0,1.5,12.0,52.0,8,1.625,40.0,12,1.25,6.0,0.40625,0,0.0,Lost in Conference Quarterfinals,0
RGV Toros,e3170d1573e6185f00b3c7a8a64c4bdd,73_2021,32,14,47.0,1.46875,7.0,49.0,15,1.53125,42.0,16,1.3125,3.0,0.40625,0,0.0,Lost in Conference Semifinals,0
Sac Republic,44f72498b5d3deb89f8011d2f3814e49,73_2024,34,11,49.0,1.4411764705882353,12.0,46.0,12,1.3529411764705883,34.0,3,1.0,2.0,0.38235294117647056,0,0.0,Lost in Conference Quarterfinals,0
TB Rowdies,7b8e50ced9107331c80f2a127274867f,73_2020,16,7,33.0,2.0625,14.0,25.0,14,1.5625,11.0,2,0.6875,3.0,0.625,1,0.75,Lost in Final,0
Pittsburgh,83cc8f7934cbdd06e1e93ac4dae2241a,73_2021,32,7,58.0,1.8125,18.0,52.0,9,1.625,34.0,4,1.0625,4.0,0.53125,0,0.0,Lost in Conference Quarterfinals,0
Rhode Island FC,abcfc140c7c306b174fb2e3f5dfaaef3,73_2024,34,6,51.0,1.5,15.0,56.0,3,1.6470588235294117,41.0,8,1.2058823529411764,3.0,0.35294117647058826,0,0.0,Lost in Final,0
Charleston,c44e2422c1d59759fc1baae13aa14649,73_2025,30,2,62.0,2.066666666666667,30.0,62.0,1,2.066666666666667,32.0,6,1.0666666666666667,7.0,0.6333333333333333,1,1.0,Lost in Conference Quarterfinals,0
Roots,3d37061458413a43ea1d9a3b7dd934e7,73_2022,34,14,46.0,1.3529411764705883,5.0,51.0,10,1.5,46.0,12,1.3529411764705883,2.0,0.3235294117647059,0,0.0,Lost in Conference Semifinals,0
Miami FC,a72631d8416da804d916facef62ea6df,73_2021,32,8,54.0,1.6875,15.0,55.0,7,1.71875,40.0,11,1.25,3.0,0.5,0,0.0,Lost in Conference Quarterfinals,0
Charleston,c44e2422c1d59759fc1baae13aa14649,73_2017,32,7,54.0,1.6875,20.0,53.0,7,1.65625,33.0,5,1.03125,2.0,0.46875,1,1.0,Lost in Conference Quarterfinals,0
Galaxy II,d2670145ba89d52a20ec3496bae9bfa6,73_2019,34,17,48.0,1.411764705882353,-3.0,59.0,9,1.7352941176470589,62.0,27,1.8235294117647058,2.0,0.35294117647058826,0,0.0,Lost in Play-in round,0
Bethlehem,f3acb7cbb8399e56ca6ed46f327bda5f,73_2018,34,14,50.0,1.4705882352941178,15.0,56.0,10,1.6470588235294117,41.0,13,1.2058823529411764,3.0,0.4117647058823529,0,0.0,Lost in Conference Semifinals,0
Timbers 2,07af9a9599cfa232b44b0425e3ca6af8,73_2018,34,10,55.0,1.6176470588235294,9.0,58.0,8,1.7058823529411764,49.0,22,1.4411764705882353,3.0,0.5,0,0.0,Lost in Conference Quarterfinals,0
Louisville City,1f8a0d289d2c4e85f0ee8426fbb1d735,73_2025,30,1,73.0,2.433333333333333,37.0,56.0,2,1.8666666666666667,19.0,1,0.6333333333333333,7.0,0.7333333333333333,1,1.0,Lost in Conference Quarterfinals,0
New Mexico Utd,23a233421de623afcb9f29161cfb0e2f,73_2022,34,12,51.0,1.5,9.0,49.0,15,1.4411764705882353,40.0,11,1.1764705882352942,5.0,0.38235294117647056,0,0.0,Lost in Conference Quarterfinals,0
Sac Republic,44f72498b5d3deb89f8011d2f3814e49,73_2020,16,10,30.0,1.875,10.0,27.0,11,1.6875,17.0,10,1.0625,6.0,0.5,0,0.0,Lost in Conference Quarterfinals,0
Loudoun United,8b7225c8a31d4f22f2ba89f0a06428ec,73_2025,30,9,42.0,1.4,-3.0,45.0,8,1.5,48.0,19,1.6,4.0,0.4,0,0.0,Lost in Conference Quarterfinals,0
Reno 1868,ef76a9a76062ac9efeeade963ee7d665,73_2018,34,8,59.0,1.7352941176470589,18.0,56.0,9,1.6470588235294117,38.0,10,1.1176470588235294,5.0,0.47058823529411764,0,0.0,Lost in Conference Semifinals,0
Louisville City,1f8a0d289d2c4e85f0ee8426fbb1d735,73_2017,32,2,62.0,1.9375,27.0,58.0,3,1.8125,31.0,4,0.96875,3.0,0.5625,1,1.0,Playoff Champions,1
Louisville City,1f8a0d289d2c4e85f0ee8426fbb1d735,73_2022,34,2,72.0,2.1176470588235294,37.0,65.0,4,1.911764705882353,28.0,2,0.8235294117647058,5.0,0.6470588235294118,1,0.6666666666666666,Lost in Final,0
New Mexico Utd,23a233421de623afcb9f29161cfb0e2f,73_2025,30,5,48.0,1.6,4.0,45.0,7,1.5,41.0,11,1.3666666666666667,5.0,0.4666666666666667,1,0.6666666666666666,Lost in Conference Finals,0
TB Rowdies,7b8e50ced9107331c80f2a127274867f,73_2024,34,9,50.0,1.4705882352941178,9.0,55.0,4,1.6176470588235294,46.0,15,1.3529411764705883,3.0,0.4117647058823529,0,0.0,Lost in Conference Semifinals,0
Orange County,b80b17694e6f0472bc5cd216a4bc4142,73_2021,32,10,52.0,1.625,7.0,44.0,19,1.375,37.0,8,1.15625,5.0,0.46875,1,0.75,Playoff Champions,1
New Mexico Utd,23a233421de623afcb9f29161cfb0e2f,73_2020,16,12,27.0,1.6875,6.0,23.0,19,1.4375,17.0,8,1.0625,3.0,0.5,0,0.0,Lost in Conference Semifinals,0
Sac Republic,44f72498b5d3deb89f8011d2f3814e49,73_2017,32,12,46.0,1.4375,2.0,45.0,15,1.40625,43.0,16,1.34375,3.0,0.40625,0,0.0,Lost in Conference Semifinals,0
Sac Republic,44f72498b5d3deb89f8011d2f3814e49,73_2022,34,11,53.0,1.5588235294117647,14.0,48.0,16,1.411764705882353,34.0,7,1.0,4.0,0.4411764705882353,1,0.5,Lost in Conference Semifinals,0
NY Red Bulls II,598c613e7f9f60af3c035514a39ba019,73_2018,34,13,52.0,1.5294117647058822,12.0,71.0,3,2.088235294117647,59.0,26,1.7352941176470589,3.0,0.38235294117647056,0,0.0,Lost in Conference Finals,0
Rhode Island FC,abcfc140c7c306b174fb2e3f5dfaaef3,73_2025,30,14,38.0,1.2666666666666666,0.0,29.0,21,0.9666666666666667,29.0,4,0.9666666666666667,2.0,0.3333333333333333,0,0.0,Lost in Conference Finals,0
Orange County,b80b17694e6f0472bc5cd216a4bc4142,73_2019,34,12,54.0,1.588235294117647,11.0,54.0,16,1.588235294117647,43.0,10,1.2647058823529411,6.0,0.4411764705882353,0,0.0,Lost in Conference Quarterfinals,0
Phx Rising,bc2306d840e3c6b65bde80a4061c9d7a,73_2018,34,5,63.0,1.8529411764705883,25.0,63.0,5,1.8529411764705883,38.0,7,1.1176470588235294,4.0,0.5588235294117647,1,0.5,Lost in Final,0
Louisville City,1f8a0d289d2c4e85f0ee8426fbb1d735,73_2020,16,3,35.0,2.1875,16.0,28.0,10,1.75,12.0,3,0.75,6.0,0.6875,1,1.0,Lost in Conference Finals,0
Sac Republic,44f72498b5d3deb89f8011d2f3814e49,73_2025,30,4,48.0,1.6,17.0,44.0,9,1.4666666666666666,27.0,2,0.9,3.0,0.43333333333333335,1,1.0,Lost in Conference Quarterfinals,0
Saint Louis FC,136d49ac019e958fed88a015c8d5b3a1,73_2020,16,16,25.0,1.5625,1.0,22.0,21,1.375,21.0,17,1.3125,2.0,0.4375,0,0.0,Lost in Conference Semifinals,0
North Carolina,130c7ca8daccb66ef614ec3331a0f665,73_2025,30,6,45.0,1.5,1.0,40.0,14,1.3333333333333333,39.0,10,1.3,4.0,0.43333333333333335,1,1.0,Lost in Conference Semifinals,0
Detroit City,3ef7fdaadbbddcab0d1eb8ececc41e66,73_2024,34,4,56.0,1.6470588235294117,14.0,46.0,10,1.3529411764705883,32.0,2,0.9411764705882353,5.0,0.4411764705882353,1,1.0,Lost in Conference Quarterfinals,0
Pittsburgh,83cc8f7934cbdd06e1e93ac4dae2241a,73_2018,34,7,59.0,1.7352941176470589,21.0,47.0,15,1.3823529411764706,26.0,1,0.7647058823529411,3.0,0.4411764705882353,1,1.0,Lost in Conference Quarterfinals,0
Swope Park,a68eb3fffff85fa0c4000d1f027af212,73_2017,32,5,58.0,1.8125,18.0,55.0,5,1.71875,37.0,9,1.15625,7.0,0.53125,1,0.75,Lost in Final,0
CS Switchbacks,b162c1c5e1c117317961e119300241d5,73_2022,34,9,55.0,1.6176470588235294,6.0,59.0,5,1.7352941176470589,53.0,15,1.5588235294117647,5.0,0.5,1,0.6666666666666666,Lost in Conference Finals,0
CS Switchbacks,b162c1c5e1c117317961e119300241d5,73_2025,30,16,37.0,1.2333333333333334,-12.0,35.0,17,1.1666666666666667,47.0,17,1.5666666666666667,3.0,0.3333333333333333,0,0.0,Lost in Conference Quarterfinals,0
Charleston,c44e2422c1d59759fc1baae13aa14649,73_2020,16,9,30.0,1.875,11.0,26.0,12,1.625,15.0,6,0.9375,4.0,0.5625,0,0.0,Lost in Conference Semifinals,0
Ottawa Fury,428e3d4e303ccc2dda57afcb839473c5,73_2019,34,13,52.0,1.5294117647058822,7.0,50.0,20,1.4705882352941178,43.0,12,1.2647058823529411,2.0,0.4117647058823529,1,1.0,Lost in Play-in round,0
LV Lights FC,530316334cb682941c8fd8228713fee3,73_2024,34,10,50.0,1.4705882352941178,3.0,49.0,7,1.4411764705882353,46.0,16,1.3529411764705883,3.0,0.38235294117647056,1,0.3333333333333333,Lost in Conference Finals,0
Monarchs,9165468cbfe61ada7f467ed9ab5b217f,73_2017,32,1,67.0,2.09375,28.0,59.0,2,1.84375,31.0,3,0.96875,9.0,0.625,1,1.0,Lost in Conference Quarterfinals,0
Orange County,b80b17694e6f0472bc5cd216a4bc4142,73_2023,34,6,57.0,1.6764705882352942,7.0,46.0,11,1.3529411764705883,39.0,7,1.1470588235294117,8.0,0.5,1,1.0,Lost in Conference Semifinals,0
Loyal,17c94a8681accd63146443b59b8e8eb9,73_2023,34,5,57.0,1.6764705882352942,18.0,61.0,2,1.7941176470588236,43.0,10,1.2647058823529411,3.0,0.47058823529411764,1,1.0,Lost in Conference Quarterfinals,0
San Antonio FC,670171fc61c6bdb5039f064570c30d42,73_2021,32,9,52.0,1.625,12.0,50.0,12,1.5625,38.0,10,1.1875,3.0,0.4375,1,0.6666666666666666,Lost in Conference Finals,0
TB Rowdies,7b8e50ced9107331c80f2a127274867f,73_2021,32,1,71.0,2.21875,32.0,55.0,6,1.71875,23.0,1,0.71875,9.0,0.71875,1,1.0,Lost in Final,0
Pittsburgh,83cc8f7934cbdd06e1e93ac4dae2241a,73_2020,16,5,34.0,2.125,29.0,39.0,3,2.4375,10.0,1,0.625,5.0,0.6875,0,0.0,Lost in Conference Quarterfinals,0
Orange County,b80b17694e6f0472bc5cd216a4bc4142,73_2024,34,14,46.0,1.3529411764705883,-7.0,38.0,17,1.1176470588235294,45.0,14,1.3235294117647058,2.0,0.38235294117647056,0,0.0,Lost in Conference Semifinals,0
Bethlehem,f3acb7cbb8399e56ca6ed46f327bda5f,73_2017,32,16,44.0,1.375,1.0,46.0,11,1.4375,45.0,17,1.40625,3.0,0.375,0,0.0,Lost in Conference Quarterfinals,0
Detroit City,3ef7fdaadbbddcab0d1eb8ececc41e66,73_2023,34,19,41.0,1.2058823529411764,-9.0,30.0,24,0.8823529411764706,39.0,6,1.1470588235294117,2.0,0.3235294117647059,0,0.0,Lost in Conference Semifinals,0
B'ham Legion,453434746d466ea6ae43f4c3506ca054,73_2020,16,14,25.0,1.5625,10.0,29.0,8,1.8125,19.0,13,1.1875,2.0,0.4375,0,0.0,Lost in Conference Quarterfinals,0
Charleston,c44e2422c1d59759fc1baae13aa14649,73_2018,34,9,56.0,1.6470588235294117,13.0,47.0,16,1.3823529411764706,34.0,5,1.0,4.0,0.4117647058823529,1,1.0,Lost in Conference Quarterfinals,0
El Paso,1b75f7197aac9bde82a11e7020169923,73_2021,32,3,64.0,2.0,22.0,56.0,5,1.75,34.0,3,1.0625,4.0,0.5625,1,1.0,Lost in Conference Quarterfinals,0
NY Red Bulls II,598c613e7f9f60af3c035514a39ba019,73_2019,34,8,57.0,1.6764705882352942,23.0,74.0,2,2.176470588235294,51.0,16,1.5,3.0,0.5,0,0.0,Lost in Conference Quarterfinals,0
Tulsa,86a5b5b21635c4fa4720bc1c0aa4eb74,73_2017,32,14,46.0,1.4375,-3.0,46.0,13,1.4375,49.0,22,1.53125,2.0,0.4375,0,0.0,Lost in Conference Quarterfinals,0
FC Tulsa,cc21989db60b215b5fb817c45d1b687b,73_2021,32,15,47.0,1.46875,1.0,49.0,14,1.53125,48.0,21,1.5,5.0,0.4375,0,0.0,Lost in Conference Quarterfinals,0
Memphis 901,37c9a094c5c9905b96bb91965eaae57c,73_2023,34,9,52.0,1.5294117647058822,6.0,59.0,4,1.7352941176470589,53.0,20,1.5588235294117647,5.0,0.4117647058823529,1,1.0,Lost in Conference Quarterfinals,0
Roots,3d37061458413a43ea1d9a3b7dd934e7,73_2024,34,17,44.0,1.2941176470588236,-20.0,37.0,18,1.088235294117647,57.0,23,1.6764705882352942,3.0,0.38235294117647056,0,0.0,Lost in Conference Quarterfinals,0
B'ham Legion,453434746d466ea6ae43f4c3506ca054,73_2023,34,15,46.0,1.3529411764705883,-9.0,44.0,14,1.2941176470588236,53.0,18,1.5588235294117647,3.0,0.4117647058823529,0,0.0,Lost in Conference Semifinals,0
Pittsburgh,83cc8f7934cbdd06e1e93ac4dae2241a,73_2023,34,1,67.0,1.9705882352941178,21.0,50.0,8,1.4705882352941178,29.0,2,0.8529411764705882,5.0,0.5588235294117647,1,1.0,Lost in Conference Quarterfinals,0
Orange County,b80b17694e6f0472bc5cd216a4bc4142,73_2018,34,3,66.0,1.9411764705882353,30.0,70.0,4,2.0588235294117645,40.0,12,1.1764705882352942,5.0,0.5882352941176471,1,1.0,Lost in Conference Finals,0
Phx Rising,bc2306d840e3c6b65bde80a4061c9d7a,73_2019,34,1,78.0,2.2941176470588234,53.0,89.0,1,2.6176470588235294,36.0,5,1.0588235294117647,20.0,0.7058823529411765,1,1.0,Lost in Conference Semifinals,0
Charleston,c44e2422c1d59759fc1baae13aa14649,73_2024,34,2,64.0,1.8823529411764706,33.0,68.0,2,2.0,35.0,4,1.0294117647058822,6.0,0.5294117647058824,1,1.0,Lost in Conference Finals,0
Loyal,17c94a8681accd63146443b59b8e8eb9,73_2021,32,13,48.0,1.5,8.0,51.0,10,1.59375,43.0,19,1.34375,4.0,0.4375,0,0.0,Lost in Conference Quarterfinals,0
El Paso,1b75f7197aac9bde82a11e7020169923,73_2020,16,8,32.0,2.0,10.0,24.0,18,1.5,14.0,5,0.875,5.0,0.5625,1,0.6666666666666666,Lost in Conference Finals,0
NY Red Bulls II,598c613e7f9f60af3c035514a39ba019,73_2017,32,17,44.0,1.375,-3.0,57.0,4,1.78125,60.0,27,1.875,2.0,0.40625,0,0.0,Lost in Conference Finals,0
San Antonio FC,670171fc61c6bdb5039f064570c30d42,73_2023,34,7,56.0,1.6470588235294117,25.0,63.0,1,1.8529411764705883,38.0,3,1.1176470588235294,4.0,0.4117647058823529,1,0.5,Lost in Conference Semifinals,0
TB Rowdies,7b8e50ced9107331c80f2a127274867f,73_2023,34,3,63.0,1.8529411764705883,21.0,60.0,3,1.7647058823529411,39.0,5,1.1470588235294117,5.0,0.5588235294117647,1,1.0,Lost in Conference Quarterfinals,0
Rochester,81f0268e5bf69bc375a57f477832cea7,73_2017,32,9,53.0,1.65625,8.0,36.0,22,1.125,28.0,2,0.875,3.0,0.4375,1,0.5,Lost in Conference Semifinals,0
Nashville,c47b477c59cfb61c7f36e60059def42f,73_2019,34,3,67.0,1.9705882352941178,33.0,59.0,11,1.7352941176470589,26.0,1,0.7647058823529411,4.0,0.5882352941176471,1,1.0,Lost in Conference Semifinals,0
Hartford Athletic,ee774868e2f3cbe08a8e318bdfe58f2e,73_2020,16,4,35.0,2.1875,7.0,31.0,4,1.9375,24.0,19,1.5,3.0,0.6875,1,1.0,Lost in Conference Quarterfinals,0
Bold,114c3050111d8b8ddd830b99ccebd246,73_2019,34,16,48.0,1.411764705882353,1.0,53.0,17,1.5588235294117647,52.0,18,1.5294117647058822,2.0,0.38235294117647056,1,0.5,Lost in Conference Quarterfinals,0
Sac Republic,44f72498b5d3deb89f8011d2f3814e49,73_2018,34,4,65.0,1.911764705882353,15.0,47.0,14,1.3823529411764706,32.0,3,0.9411764705882353,4.0,0.5588235294117647,1,1.0,Lost in Conference Quarterfinals,0
Phx Rising,bc2306d840e3c6b65bde80a4061c9d7a,73_2017,32,6,58.0,1.8125,13.0,50.0,9,1.5625,37.0,10,1.15625,5.0,0.53125,0,0.0,Lost in Conference Quarterfinals,0
Phx Rising,bc2306d840e3c6b65bde80a4061c9d7a,73_2025,30,12,40.0,1.3333333333333333,0.0,48.0,5,1.6,48.0,18,1.6,4.0,0.3,0,0.0,Lost in Conference Semifinals,0
Reno 1868,ef76a9a76062ac9efeeade963ee7d665,73_2020,16,1,36.0,2.25,22.0,43.0,2,2.6875,21.0,15,1.3125,4.0,0.6875,1,1.0,Lost in Conference Semifinals,0
FC Tulsa,cc21989db60b215b5fb817c45d1b687b,73_2020,16,15,25.0,1.5625,5.0,21.0,22,1.3125,16.0,7,1.0,3.0,0.375,0,0.0,Lost in Conference Quarterfinals,0
TB Rowdies,7b8e50ced9107331c80f2a127274867f,73_2019,34,7,58.0,1.7058823529411764,28.0,61.0,7,1.7941176470588236,33.0,4,0.9705882352941176,4.0,0.47058823529411764,0,0.0,Lost in Conference Quarterfinals,0
Pittsburgh,83cc8f7934cbdd06e1e93ac4dae2241a,73_2022,34,7,57.0,1.6764705882352942,12.0,50.0,13,1.4705882352941178,38.0,9,1.1176470588235294,3.0,0.47058823529411764,0,0.0,Lost in Conference Semifinals,0
Pittsburgh,83cc8f7934cbdd06e1e93ac4dae2241a,73_2025,30,8,44.0,1.4666666666666666,4.0,32.0,19,1.0666666666666667,28.0,3,0.9333333333333333,2.0,0.4,1,0.75,Playoff Champions,1
Monarchs,9165468cbfe61ada7f467ed9ab5b217f,73_2018,34,6,60.0,1.7647058823529411,8.0,55.0,11,1.6176470588235294,47.0,19,1.3823529411764706,4.0,0.5588235294117647,1,1.0,Lost in Conference Quarterfinals,0
Swope Park,a68eb3fffff85fa0c4000d1f027af212,73_2018,34,12,53.0,1.5588235294117647,-1.0,52.0,12,1.5294117647058822,53.0,24,1.5588235294117647,4.0,0.4411764705882353,0,0.0,Lost in Conference Semifinals,0
Charlotte Ind'ence,cea72440b8fa51e76e53ed70311cccd4,73_2021,32,6,59.0,1.84375,21.0,57.0,4,1.78125,36.0,6,1.125,6.0,0.5625,1,0.5,Lost in Conference Semifinals,0
Indy Eleven,f8adf1226c6b79830a8d75f0060f13dc,73_2018,34,17,49.0,1.4411764705882353,3.0,45.0,18,1.3235294117647058,42.0,14,1.2352941176470589,3.0,0.38235294117647056,0,0.0,Lost in Conference Quarterfinals,0
Memphis 901,37c9a094c5c9905b96bb91965eaae57c,73_2022,34,3,68.0,2.0,34.0,67.0,3,1.9705882352941178,33.0,6,0.9705882352941176,5.0,0.6176470588235294,1,1.0,Lost in Conference Semifinals,0
B'ham Legion,453434746d466ea6ae43f4c3506ca054,73_2022,34,6,58.0,1.7058823529411764,19.0,56.0,7,1.6470588235294117,37.0,8,1.088235294117647,4.0,0.5,1,1.0,Lost in Conference Quarterfinals,0
RGV Toros,e3170d1573e6185f00b3c7a8a64c4bdd,73_2022,34,13,49.0,1.4411764705882353,11.0,51.0,11,1.5,40.0,10,1.1764705882352942,4.0,0.4117647058823529,0,0.0,Lost in Conference Quarterfinals,0
Louisville City,1f8a0d289d2c4e85f0ee8426fbb1d735,73_2021,32,4,61.0,1.90625,24.0,61.0,2,1.90625,37.0,7,1.15625,4.0,0.5625,1,0.6666666666666666,Lost in Conference Finals,0
Sac Republic,44f72498b5d3deb89f8011d2f3814e49,73_2019,34,15,48.0,1.411764705882353,7.0,50.0,18,1.4705882352941178,43.0,11,1.2647058823529411,3.0,0.4117647058823529,1,0.3333333333333333,Lost in Conference Semifinals,0
Orange County,b80b17694e6f0472bc5cd216a4bc4142,73_2025,30,13,39.0,1.3,-1.0,44.0,11,1.4666666666666666,45.0,14,1.5,2.0,0.3333333333333333,0,0.0,Lost in Conference Semifinals,0
Indy Eleven,f8adf1226c6b79830a8d75f0060f13dc,73_2023,34,11,49.0,1.4411764705882353,8.0,46.0,12,1.3529411764705883,38.0,4,1.1176470588235294,3.0,0.38235294117647056,0,0.0,Lost in Conference Quarterfinals,0
CS Switchbacks,b162c1c5e1c117317961e119300241d5,73_2023,34,8,53.0,1.5588235294117647,7.0,49.0,9,1.4411764705882353,42.0,9,1.2352941176470589,3.0,0.47058823529411764,0,0.0,Lost in Conference Quarterfinals,0
Nashville,c47b477c59cfb61c7f36e60059def42f,73_2018,34,16,49.0,1.4411764705882353,11.0,42.0,24,1.2352941176470589,31.0,2,0.9117647058823529,2.0,0.35294117647058826,0,0.0,Lost in Conference Quarterfinals,0
New Mexico Utd,23a233421de623afcb9f29161cfb0e2f,73_2024,34,3,59.0,1.7352941176470589,2.0,46.0,11,1.3529411764705883,44.0,12,1.2941176470588236,3.0,0.5294117647058824,1,1.0,Lost in Conference Semifinals,0
B'ham Legion,453434746d466ea6ae43f4c3506ca054,73_2019,34,21,43.0,1.2647058823529411,-16.0,35.0,35,1.0294117647058822,51.0,17,1.5,3.0,0.35294117647058826,0,0.0,Lost in Conference Quarterfinals,0
San Antonio FC,670171fc61c6bdb5039f064570c30d42,73_2017,32,3,62.0,1.9375,21.0,45.0,16,1.40625,24.0,1,0.75,5.0,0.53125,1,1.0,Lost in Conference Semifinals,0
San Antonio FC,670171fc61c6bdb5039f064570c30d42,73_2022,34,1,77.0,2.264705882352941,28.0,54.0,8,1.588235294117647,26.0,1,0.7647058823529411,6.0,0.7058823529411765,1,1.0,Playoff Champions,1
San Antonio FC,670171fc61c6bdb5039f064570c30d42,73_2025,30,11,40.0,1.3333333333333333,1.0,39.0,15,1.3,38.0,9,1.2666666666666666,4.0,0.36666666666666664,0,0.0,Lost in Conference Quarterfinals,0
TB Rowdies,7b8e50ced9107331c80f2a127274867f,73_2017,32,8,53.0,1.65625,15.0,50.0,10,1.5625,35.0,6,1.09375,3.0,0.4375,1,1.0,Lost in Conference Semifinals,0
TB Rowdies,7b8e50ced9107331c80f2a127274867f,73_2022,34,4,67.0,1.9705882352941178,40.0,73.0,1,2.1470588235294117,33.0,5,0.9705882352941176,7.0,0.5882352941176471,1,0.3333333333333333,Lost in Conference Finals,0
Pittsburgh,83cc8f7934cbdd06e1e93ac4dae2241a,73_2019,34,2,68.0,2.0,28.0,58.0,12,1.7058823529411764,30.0,3,0.8823529411764706,5.0,0.5588235294117647,1,1.0,Lost in Conference Semifinals,0
Phx Rising,bc2306d840e3c6b65bde80a4061c9d7a,73_2023,34,12,48.0,1.411764705882353,13.0,54.0,5,1.588235294117647,41.0,8,1.2058823529411764,3.0,0.35294117647058826,0,0.0,Playoff Champions,1
Louisville City,1f8a0d289d2c4e85f0ee8426fbb1d735,73_2024,34,1,76.0,2.235294117647059,43.0,86.0,1,2.5294117647058822,43.0,10,1.2647058823529411,5.0,0.7058823529411765,1,1.0,Lost in Conference Semifinals,0
Charlotte Ind'ence,cea72440b8fa51e76e53ed70311cccd4,73_2020,16,11,28.0,1.75,2.0,24.0,15,1.5,22.0,18,1.375,4.0,0.5,1,1.0,Lost in Conference Quarterfinals,0
Detroit City,3ef7fdaadbbddcab0d1eb8ececc41e66,73_2025,30,15,37.0,1.2333333333333334,-2.0,33.0,18,1.1,35.0,7,1.1666666666666667,2.0,0.3,0,0.0,Lost in Conference Semifinals,0
CS Switchbacks,b162c1c5e1c117317961e119300241d5,73_2024,34,5,52.0,1.5294117647058822,8.0,48.0,9,1.411764705882353,40.0,7,1.1764705882352942,5.0,0.4411764705882353,1,1.0,Playoff Champions,1
Reno 1868,ef76a9a76062ac9efeeade963ee7d665,73_2019,34,5,60.0,1.7647058823529411,21.0,72.0,3,2.1176470588235294,51.0,15,1.5,5.0,0.5294117647058824,1,1.0,Lost in Conference Quarterfinals,0
North Carolina,130c7ca8daccb66ef614ec3331a0f665,73_2024,34,13,48.0,1.411764705882353,11.0,54.0,5,1.588235294117647,43.0,11,1.2647058823529411,2.0,0.38235294117647056,0,0.0,Lost in Conference Quarterfinals,0
Loyal,17c94a8681accd63146443b59b8e8eb9,73_2022,34,5,60.0,1.7647058823529411,13.0,68.0,2,2.0,55.0,16,1.6176470588235294,5.0,0.5294117647058824,1,1.0,Lost in Conference Quarterfinals,0
El Paso,1b75f7197aac9bde82a11e7020169923,73_2019,34,14,50.0,1.4705882352941178,6.0,42.0,31,1.2352941176470589,36.0,6,1.0588235294117647,3.0,0.38235294117647056,0,0.3333333333333333,Lost in Conference Finals,0
Detroit City,3ef7fdaadbbddcab0d1eb8ececc41e66,73_2022,34,10,54.0,1.588235294117647,14.0,44.0,20,1.2941176470588236,30.0,3,0.8823529411764706,4.0,0.4117647058823529,0,0.0,Lost in Conference Quarterfinals,0
Phx Rising,bc2306d840e3c6b65bde80a4061c9d7a,73_2021,32,2,67.0,2.09375,33.0,68.0,1,2.125,35.0,5,1.09375,6.0,0.625,1,1.0,Lost in Conference Quarterfinals,0
Indy Eleven,f8adf1226c6b79830a8d75f0060f13dc,73_2024,34,8,51.0,1.5,-1.0,49.0,8,1.4411764705882353,50.0,20,1.4705882352941178,8.0,0.4117647058823529,1,1.0,Lost in Conference Quarterfinals,0
Saint Louis FC,136d49ac019e958fed88a015c8d5b3a1,73_2018,34,11,53.0,1.5588235294117647,6.0,44.0,19,1.2941176470588236,38.0,9,1.1176470588235294,4.0,0.4117647058823529,0,0.0,Lost in Conference Quarterfinals,0
El Paso,1b75f7197aac9bde82a11e7020169923,73_2025,30,10,41.0,1.3666666666666667,2.0,47.0,6,1.5666666666666667,45.0,16,1.5,2.0,0.3333333333333333,1,1.0,Lost in Conference Quarterfinals,0
Louisville City,1f8a0d289d2c4e85f0ee8426fbb1d735,73_2018,34,2,66.0,1.9411764705882353,33.0,71.0,2,2.088235294117647,38.0,6,1.1176470588235294,6.0,0.5588235294117647,1,1.0,Playoff Champions,1
Phx Rising,bc2306d840e3c6b65bde80a4061c9d7a,73_2020,16,2,35.0,2.1875,29.0,46.0,1,2.875,17.0,9,1.0625,4.0,0.6875,1,0.5,Lost in Final,0
Hartford Athletic,ee774868e2f3cbe08a8e318bdfe58f2e,73_2025,30,7,44.0,1.4666666666666666,12.0,48.0,4,1.6,36.0,8,1.2,3.0,0.43333333333333335,0,0.0,Lost in Conference Quarterfinals,0
OKC Energy,0130d9566d25a2eb82870c28ba319bc7,73_2017,32,10,49.0,1.53125,5.0,46.0,12,1.4375,41.0,13,1.28125,4.0,0.4375,0,0.0,Lost in Conference Finals,0
FC Tulsa,cc21989db60b215b5fb817c45d1b687b,73_2025,30,3,57.0,1.9,20.0,50.0,3,1.6666666666666667,30.0,5,1.0,3.0,0.5333333333333333,1,1.0,Lost in Final,0
Reno 1868,ef76a9a76062ac9efeeade963ee7d665,73_2017,32,4,59.0,1.84375,36.0,75.0,1,2.34375,39.0,11,1.21875,6.0,0.53125,1,1.0,Lost in Conference Quarterfinals,0
